<?xml version="1.0" encoding="UTF-8"?>
<jcr:root xmlns:sling="http://sling.apache.org/jcr/sling/1.0" xmlns:cq="http://www.day.com/jcr/cq/1.0" xmlns:jcr="http://www.jcp.org/jcr/1.0" xmlns:mix="http://www.jcp.org/jcr/mix/1.0" xmlns:nt="http://www.jcp.org/jcr/nt/1.0"
    jcr:primaryType="cq:Page">
    <jcr:content
        cq:lastModified="{Date}2020-10-16T16:45:49.205-03:00"
        cq:lastModifiedBy="reference-adjustment-service"
        cq:lastTranslationUpdate="{Date}2020-10-16T09:31:00.779-03:00"
        cq:template="/conf/muzik/settings/wcm/templates/page-content"
        cq:translationSourcePath="/content/muzik/us/en/memberships"
        jcr:isCheckedOut="{Boolean}true"
        jcr:mixinTypes="[mix:versionable]"
        jcr:primaryType="cq:PageContent"
        jcr:title="Memberships"
        jcr:uuid="cc01abbe-d803-441d-8978-43a515945361"
        sling:resourceType="muzik/components/page">
        <root
            jcr:primaryType="nt:unstructured"
            sling:resourceType="muzik/components/container">
            <container
                jcr:primaryType="nt:unstructured"
                sling:resourceType="muzik/components/container">
                <title
                    jcr:primaryType="nt:unstructured"
                    sling:resourceType="muzik/components/title"/>
                <container
                    jcr:primaryType="nt:unstructured"
                    sling:resourceType="muzik/components/container"
                    layout="responsiveGrid"/>
            </container>
        </root>
    </jcr:content>
    <pricing/>
    <faq/>
    <sign-in/>
    <devices/>
    <sign-up/>
    <confirmation/>
    <learn-more/>
</jcr:root>
