<?xml version="1.0" encoding="UTF-8"?>
<jcr:root xmlns:sling="http://sling.apache.org/jcr/sling/1.0" xmlns:cq="http://www.day.com/jcr/cq/1.0" xmlns:jcr="http://www.jcp.org/jcr/1.0" xmlns:nt="http://www.jcp.org/jcr/nt/1.0"
    jcr:primaryType="sling:OrderedFolder">
    <jcr:content
        cq:conf="/conf/muzik"
        jcr:primaryType="nt:unstructured"
        jcr:title="Muzik">
        <folderThumbnail/>
    </jcr:content>
    <asset.jpg/>
    <hero-1.png/>
    <hero-1_x0040_2x.png/>
    <hero-2.png/>
    <hero-2_x0040_2x.png/>
    <hero-3.png/>
    <hero-3_x0040_2x.png/>
    <Logo.png/>
    <Logo_x0040_2x.png/>
    <dj-1.png/>
    <dj-1_x0040_2x.png/>
    <dj-2.png/>
    <dj-2_x0040_2x.png/>
    <drums.png/>
    <drums_x0040_2x.png/>
    <singer.png/>
    <singer_x0040_2x.png/>
    <Photo_x0020_-3.png/>
    <Photo_x0020_-3_x0040_2x.png/>
    <photo-6.png/>
    <photo-7.png/>
    <photo-8.png/>
    <AdobeStock-19.png/>
    <fresh-electronic.png/>
    <funky-soul.png/>
    <sax-jam.png/>
    <smooth-guitar.png/>
    <confirmation.png/>
    <Facebook.svg/>
    <Instagram.svg/>
    <Twitter.svg/>
</jcr:root>
