<?xml version="1.0" encoding="UTF-8"?>
<jcr:root xmlns:sling="http://sling.apache.org/jcr/sling/1.0" xmlns:cq="http://www.day.com/jcr/cq/1.0" xmlns:jcr="http://www.jcp.org/jcr/1.0" xmlns:nt="http://www.jcp.org/jcr/nt/1.0"
    jcr:primaryType="cq:Page">
    <jcr:content
        cq:contextHubPath="/etc/cloudsettings/default/contexthub"
        cq:contextHubSegmentsPath="/etc/segmentation/contexthub"
        cq:isLanguageRoot="true"
        cq:lastModified="{Date}2020-10-16T16:23:17.687-03:00"
        cq:lastModifiedBy="reference-adjustment-service"
        cq:lastTranslationUpdate="{Date}2020-10-16T09:25:17.182-03:00"
        cq:template="/conf/muzik/settings/wcm/templates/page-content"
        cq:translationSourcePath="/content/muzik/en"
        jcr:primaryType="cq:PageContent"
        jcr:title="es"
        sling:resourceType="muzik/components/page"
        navTitle="ES-US"
        pageTitle="Home">
        <root
            jcr:primaryType="nt:unstructured"
            sling:resourceType="muzik/components/container"
            layout="responsiveGrid">
            <container
                jcr:primaryType="nt:unstructured"
                sling:resourceType="muzik/components/container">
                <title
                    cq:styleIds="[1602681660141]"
                    jcr:lastModified="{Date}2020-10-13T17:47:55.227-03:00"
                    jcr:lastModifiedBy="admin"
                    jcr:primaryType="nt:unstructured"
                    jcr:title=" "
                    sling:resourceType="muzik/components/title"/>
                <container
                    jcr:primaryType="nt:unstructured"
                    sling:resourceType="muzik/components/container"
                    layout="responsiveGrid">
                    <carousel
                        jcr:created="{Date}2020-10-09T18:15:18.356-03:00"
                        jcr:createdBy="admin"
                        jcr:lastModified="{Date}2020-10-09T18:35:02.771-03:00"
                        jcr:lastModifiedBy="admin"
                        jcr:primaryType="nt:unstructured"
                        sling:resourceType="muzik/components/carousel"
                        autopauseDisabled="false"
                        autoplay="true"
                        delay="2000">
                        <teaser_copy_96266583
                            cq:panelTitle="Live Music  From home."
                            cq:styleIds="[1602681532831]"
                            jcr:description="&lt;p>Stream all your favorite artist’s shows on any device, any time.&lt;/p>&#xd;&#xa;"
                            jcr:lastModified="{Date}2020-10-15T17:01:47.673-03:00"
                            jcr:lastModifiedBy="admin"
                            jcr:primaryType="nt:unstructured"
                            jcr:title="Live Music  From home."
                            sling:resourceType="muzik/components/teaser"
                            actionsEnabled="true"
                            descriptionFromPage="false"
                            fileReference="/content/dam/muzik/hero-1.png"
                            textIsRich="true"
                            titleFromPage="false">
                            <cq:responsive jcr:primaryType="nt:unstructured">
                                <default
                                    jcr:primaryType="nt:unstructured"
                                    offset="0"
                                    width="4"/>
                            </cq:responsive>
                            <actions jcr:primaryType="nt:unstructured">
                                <item0
                                    jcr:primaryType="nt:unstructured"
                                    link="/content/muzik/us/es/memberships/learn-more"
                                    text="Learn More"/>
                            </actions>
                        </teaser_copy_96266583>
                        <teaser_copy_copy_2079325409
                            cq:panelTitle="See all the Details"
                            cq:styleIds="[1602622136606,1602681532831]"
                            jcr:description="&lt;p>Get a better view than any seat with close up shots&lt;/p>&#xd;&#xa;"
                            jcr:lastModified="{Date}2020-10-09T18:30:34.281-03:00"
                            jcr:lastModifiedBy="admin"
                            jcr:primaryType="nt:unstructured"
                            jcr:title="See all the Details"
                            sling:resourceType="muzik/components/teaser"
                            actionsEnabled="true"
                            descriptionFromPage="false"
                            fileReference="/content/dam/muzik/hero-2.png"
                            textIsRich="true"
                            titleFromPage="false">
                            <cq:responsive jcr:primaryType="nt:unstructured">
                                <default
                                    jcr:primaryType="nt:unstructured"
                                    offset="0"
                                    width="4"/>
                            </cq:responsive>
                            <actions jcr:primaryType="nt:unstructured">
                                <item0
                                    jcr:primaryType="nt:unstructured"
                                    link="/content/muzik/us/es/memberships/sign-up"
                                    text="Learn More"/>
                            </actions>
                        </teaser_copy_copy_2079325409>
                        <teaser_copy_copy
                            cq:panelTitle="GO Backstage"
                            cq:styleIds="[1602681532831]"
                            jcr:description="&lt;p>Get behind-the-scene footage before, during and after the event!&lt;/p>&#xd;&#xa;"
                            jcr:lastModified="{Date}2020-10-09T18:30:54.934-03:00"
                            jcr:lastModifiedBy="admin"
                            jcr:primaryType="nt:unstructured"
                            jcr:title="GO Backstage"
                            sling:resourceType="muzik/components/teaser"
                            actionsEnabled="true"
                            descriptionFromPage="false"
                            fileReference="/content/dam/muzik/hero-3.png"
                            textIsRich="true"
                            titleFromPage="false">
                            <cq:responsive jcr:primaryType="nt:unstructured">
                                <default
                                    jcr:primaryType="nt:unstructured"
                                    offset="0"
                                    width="4"/>
                            </cq:responsive>
                            <actions jcr:primaryType="nt:unstructured">
                                <item0
                                    jcr:primaryType="nt:unstructured"
                                    link="/content/muzik/us/es/memberships/sign-up"
                                    text="Learn More"/>
                            </actions>
                        </teaser_copy_copy>
                    </carousel>
                    <teaser_1227076810
                        cq:styleIds="[1602622993041]"
                        jcr:created="{Date}2020-10-09T18:47:56.960-03:00"
                        jcr:createdBy="admin"
                        jcr:description="&lt;p>If you can’t fly to Brazil tomorrow night to see your favorite DJ play an epic show, no worries! DJ’s and artists across the globe now offer the ability to stream their show LIVE.&amp;nbsp;&lt;/p>&#xd;&#xa;"
                        jcr:lastModified="{Date}2020-10-09T18:48:29.879-03:00"
                        jcr:lastModifiedBy="admin"
                        jcr:primaryType="nt:unstructured"
                        jcr:title="Attend every show"
                        sling:resourceType="muzik/components/teaser"
                        actionsEnabled="false"
                        descriptionFromPage="false"
                        fileReference="/content/dam/muzik/dj-1.png"
                        textIsRich="true"
                        titleFromPage="false"/>
                    <container
                        cq:styleIds="[1602624653182,1602624000506]"
                        jcr:created="{Date}2020-10-13T18:17:57.210-03:00"
                        jcr:createdBy="admin"
                        jcr:lastModified="{Date}2020-10-13T18:19:14.625-03:00"
                        jcr:lastModifiedBy="admin"
                        jcr:primaryType="nt:unstructured"
                        sling:resourceType="muzik/components/container"
                        layout="responsiveGrid">
                        <teaser
                            cq:styleIds="[1602681592551]"
                            jcr:description="&lt;p>See your favorite bands take stage. We stream 52,724 band shows per year.&lt;/p>&#xd;&#xa;"
                            jcr:lastModified="{Date}2020-10-15T11:13:30.841-03:00"
                            jcr:lastModifiedBy="admin"
                            jcr:primaryType="nt:unstructured"
                            jcr:title="Bands"
                            sling:resourceType="muzik/components/teaser"
                            actionsEnabled="false"
                            descriptionFromPage="false"
                            fileReference="/content/dam/muzik/photo-6.png"
                            textIsRich="true"
                            titleFromPage="false">
                            <cq:responsive jcr:primaryType="nt:unstructured">
                                <default
                                    jcr:primaryType="nt:unstructured"
                                    offset="0"
                                    width="4"/>
                            </cq:responsive>
                            <actions jcr:primaryType="nt:unstructured">
                                <item0
                                    jcr:primaryType="nt:unstructured"
                                    link="/content/muzik/us/es/memberships/sign-up"
                                    text="Learn More"/>
                            </actions>
                        </teaser>
                        <teaser_copy
                            cq:styleIds="[1602681592551]"
                            jcr:description="&lt;p>See your favorite DJ’s take stage. We stream 112,724 DJ shows per year.&lt;/p>&#xd;&#xa;"
                            jcr:lastModified="{Date}2020-10-15T11:13:35.556-03:00"
                            jcr:lastModifiedBy="admin"
                            jcr:primaryType="nt:unstructured"
                            jcr:title="World Class DJs"
                            sling:resourceType="muzik/components/teaser"
                            actionsEnabled="false"
                            descriptionFromPage="false"
                            fileReference="/content/dam/muzik/photo-7.png"
                            textIsRich="true"
                            titleFromPage="false">
                            <cq:responsive jcr:primaryType="nt:unstructured">
                                <default
                                    jcr:primaryType="nt:unstructured"
                                    offset="0"
                                    width="4"/>
                            </cq:responsive>
                        </teaser_copy>
                        <teaser_copy_15793249
                            cq:styleIds="[1602681592551]"
                            jcr:description="&lt;p>See your favorite solo artists take stage. We stream 92,724 solo artist shows per year.&lt;/p>&#xd;&#xa;"
                            jcr:lastModified="{Date}2020-10-15T11:13:38.857-03:00"
                            jcr:lastModifiedBy="admin"
                            jcr:primaryType="nt:unstructured"
                            jcr:title="Solo Artists"
                            sling:resourceType="muzik/components/teaser"
                            actionsEnabled="false"
                            descriptionFromPage="false"
                            fileReference="/content/dam/muzik/photo-8.png"
                            textIsRich="true"
                            titleFromPage="false">
                            <cq:responsive jcr:primaryType="nt:unstructured">
                                <default
                                    jcr:primaryType="nt:unstructured"
                                    offset="0"
                                    width="4"/>
                            </cq:responsive>
                        </teaser_copy_15793249>
                    </container>
                    <container_2137378452
                        cq:styleIds="[1602624653182]"
                        jcr:created="{Date}2020-10-13T18:44:21.015-03:00"
                        jcr:createdBy="admin"
                        jcr:lastModified="{Date}2020-10-13T18:44:21.015-03:00"
                        jcr:lastModifiedBy="admin"
                        jcr:primaryType="nt:unstructured"
                        sling:resourceType="muzik/components/container">
                        <button
                            cq:styleIds="[1602624723403,1602625008678,1602625020898]"
                            jcr:created="{Date}2020-10-09T18:50:16.064-03:00"
                            jcr:createdBy="admin"
                            jcr:lastModified="{Date}2020-10-09T18:50:49.685-03:00"
                            jcr:lastModifiedBy="admin"
                            jcr:primaryType="nt:unstructured"
                            jcr:title="Sign up for membership!"
                            sling:resourceType="muzik/components/button"
                            link="/content/muzik/us/es/memberships/sign-up"/>
                    </container_2137378452>
                </container>
            </container>
        </root>
    </jcr:content>
    <memberships/>
    <shows/>
    <blogs/>
    <contact/>
</jcr:root>
