<?xml version="1.0" encoding="UTF-8"?>
<jcr:root xmlns:sling="http://sling.apache.org/jcr/sling/1.0" xmlns:cq="http://www.day.com/jcr/cq/1.0" xmlns:jcr="http://www.jcp.org/jcr/1.0" xmlns:mix="http://www.jcp.org/jcr/mix/1.0" xmlns:nt="http://www.jcp.org/jcr/nt/1.0"
    jcr:primaryType="cq:Page">
    <jcr:content
        cq:contextHubPath="/etc/cloudsettings/default/contexthub"
        cq:contextHubSegmentsPath="/etc/segmentation/contexthub"
        cq:lastModified="{Date}2020-10-16T18:44:03.532-03:00"
        cq:lastModifiedBy="admin"
        cq:template="/conf/muzik/settings/wcm/templates/page-content"
        jcr:isCheckedOut="{Boolean}true"
        jcr:mixinTypes="[mix:versionable]"
        jcr:primaryType="cq:PageContent"
        jcr:title="Confirmation"
        jcr:uuid="373b5b68-ea8c-472a-afc4-b1a7c1b46cec"
        sling:resourceType="muzik/components/page"
        hideInNav="true">
        <root
            jcr:primaryType="nt:unstructured"
            sling:resourceType="muzik/components/container">
            <container
                jcr:primaryType="nt:unstructured"
                sling:resourceType="muzik/components/container">
                <title
                    cq:styleIds="[1602875193282,1602884436075,1602875229554]"
                    jcr:lastModified="{Date}2020-10-15T16:49:27.766-03:00"
                    jcr:lastModifiedBy="admin"
                    jcr:primaryType="nt:unstructured"
                    jcr:title="Welcome To The Club!"
                    sling:resourceType="muzik/components/title"/>
                <container
                    jcr:primaryType="nt:unstructured"
                    sling:resourceType="muzik/components/container"
                    layout="responsiveGrid">
                    <text
                        jcr:created="{Date}2020-10-15T16:49:31.060-03:00"
                        jcr:createdBy="admin"
                        jcr:lastModified="{Date}2020-10-16T18:42:58.748-03:00"
                        jcr:lastModifiedBy="admin"
                        jcr:primaryType="nt:unstructured"
                        sling:resourceType="muzik/components/text"
                        text="&lt;p style=&quot;text-align: center;&quot;>Check your email for more membership confirmation details.&lt;/p>&#xd;&#xa;"
                        textIsRich="true"/>
                    <container
                        cq:styleIds="[1602624653182]"
                        jcr:created="{Date}2020-10-16T18:43:06.376-03:00"
                        jcr:createdBy="admin"
                        jcr:lastModified="{Date}2020-10-16T18:43:06.376-03:00"
                        jcr:lastModifiedBy="admin"
                        jcr:primaryType="nt:unstructured"
                        sling:resourceType="muzik/components/container">
                        <teaser
                            cq:styleIds="[1602681532831]"
                            jcr:created="{Date}2020-10-15T16:49:58.455-03:00"
                            jcr:createdBy="admin"
                            jcr:description="&lt;p>Bookmark your favorite artists and we will notify you of when their next show is.&lt;/p>&#xd;&#xa;"
                            jcr:lastModified="{Date}2020-10-16T18:39:28.877-03:00"
                            jcr:lastModifiedBy="admin"
                            jcr:primaryType="nt:unstructured"
                            jcr:title="Get streaming Now!"
                            sling:resourceType="muzik/components/teaser"
                            actionsEnabled="true"
                            descriptionFromPage="false"
                            fileReference="/content/dam/muzik/confirmation.png"
                            textIsRich="true"
                            titleFromPage="false">
                            <actions jcr:primaryType="nt:unstructured">
                                <item0
                                    jcr:primaryType="nt:unstructured"
                                    link="/content/muzik/us/en"
                                    text="Go to Dashboard"/>
                            </actions>
                        </teaser>
                    </container>
                </container>
            </container>
        </root>
    </jcr:content>
</jcr:root>
