<?xml version="1.0" encoding="UTF-8"?>
<jcr:root xmlns:sling="http://sling.apache.org/jcr/sling/1.0" xmlns:cq="http://www.day.com/jcr/cq/1.0" xmlns:jcr="http://www.jcp.org/jcr/1.0" xmlns:nt="http://www.jcp.org/jcr/nt/1.0"
    jcr:primaryType="cq:Page">
    <jcr:content
        cq:lastModified="{Date}2020-10-16T16:23:17.689-03:00"
        cq:lastModifiedBy="reference-adjustment-service"
        cq:lastTranslationUpdate="{Date}2020-10-16T09:25:19.165-03:00"
        cq:template="/conf/muzik/settings/wcm/templates/page-content"
        cq:translationSourcePath="/content/muzik/en/shows"
        jcr:primaryType="cq:PageContent"
        jcr:title="Shows"
        sling:resourceType="muzik/components/page">
        <root
            jcr:primaryType="nt:unstructured"
            sling:resourceType="muzik/components/container">
            <container
                jcr:primaryType="nt:unstructured"
                sling:resourceType="muzik/components/container">
                <title
                    jcr:primaryType="nt:unstructured"
                    sling:resourceType="muzik/components/title"/>
                <container
                    jcr:primaryType="nt:unstructured"
                    sling:resourceType="muzik/components/container"
                    layout="responsiveGrid"/>
            </container>
        </root>
    </jcr:content>
    <popular/>
    <djs/>
    <solo-artists/>
    <saxophone-jam/>
    <smooth-guitar/>
    <fresh-electronic/>
    <funky-soul/>
</jcr:root>
